"cost","victory","sex","age"
122.517857303619,56.0264458130472,0,2
19.7159097250551,41.8671782441831,0,1
59.5222885636613,42.3553603298625,1,1
340.127919058672,78.05973204427,0,2
3.6055259462446,41.1554589787566,1,1
6.00058944001545,36.8479713415399,0,2
11.49863517005,49.1441271717775,0,2
171.080219931453,61.6299470894194,0,2
22.9093669550493,38.8116823241003,0,1
144.264282504323,48.0654483919052,0,0
47.793955870904,46.7465194641652,0,2
21.6618767961446,40.5448705898178,0,2
14.319011928025,42.7000777624932,0,2
173.358253806382,56.9097587136936,0,2
55.1255726218224,49.2717518513846,1,1
297.664089812934,72.2379554274145,0,0
126.274683300182,52.5789128933726,1,1
61.4859130904078,38.4377843158455,0,1
110.3993564637,47.5117162999353,0,1
3.79634431149132,38.8880124048396,1,1
188.130250010192,57.21591681988,1,1
6.77224543318152,44.5299197256221,0,2
137.711211810304,50.3030779726561,0,2
81.2070872893184,50.6193209540784,0,2
125.383062239513,51.5458111568434,0,2
55.5997862946242,45.0485581466258,0,1
41.5207757987082,49.2429371638751,1,0
26.4837416944742,47.6549456246202,1,0
206.355872675095,60.8348851715908,0,0
27.6131918365136,39.8300859621389,1,2
14.7250593155622,38.3570696742244,0,0
101.170653773248,49.0822476454112,0,2
109.372237102836,44.6590222739443,1,2
46.9545210574772,44.9490746347478,0,1
27.4828889416531,45.7723287338417,1,1
260.183550662622,61.3612474599943,0,1
241.212427238944,63.3664246628822,0,1
103.574165712818,50.2815054822491,0,1
73.5996754336201,48.2667436409611,1,1
107.969720072821,46.412007118291,0,2
13.3975290415881,39.1808603552288,0,2
97.2447229621559,46.3822316395548,1,1
148.690078131407,54.5836310979309,1,2
39.717399225882,45.2372559860529,0,1
25.4731419952586,42.9489596708616,1,1
5.11205232795328,40.6240642218502,0,1
139.592629224098,55.9480100644922,0,1
118.758355164677,48.3359825710884,0,2
174.22613564834,60.4477568612468,0,2
408.230745135396,88.4674505527537,0,1
39.8308454630896,42.8902657525543,0,2
1.71074268501252,37.3252015176387,1,0
141.99973298409,53.8949888934709,1,1
88.9000444563034,43.9468019688213,1,2
189.101332600713,63.5809020468993,0,1
51.3756420975551,46.8640994298549,0,1
5.14726510550827,45.9029262220981,0,1
190.360197189748,62.594172875902,0,0
1.07516556698829,41.6903388485628,1,0
80.2540000469982,46.283336224719,0,2
113.31399636507,50.4199561501346,0,2
39.0248210821301,49.3521507264447,0,0
63.1180641734973,45.1346603922999,0,1
417.05774527654,81.193830705497,1,0
237.106603346094,69.6348152899521,0,1
2.55692570377141,43.6899244292608,0,1
104.175835919254,49.8927667910212,0,2
39.929160932079,44.3023372081156,0,1
8.17095429277533,45.6212773037339,0,2
11.0217678537592,40.6993037230719,1,2
18.9534323411062,33.993937311094,0,2
214.018384523019,61.0548103395376,1,2
62.0490423794836,48.3836416451252,0,1
75.9231475943326,47.9418653459852,0,1
237.160110085532,64.1637823478267,0,0
0.167449526488781,40.0134729133727,0,2
91.098201270923,55.1628711975538,0,1
11.6438354384154,42.9185771232069,0,1
140.129277398623,56.5564215310743,0,2
109.481996403443,56.7191574765561,0,1
28.1690121376887,48.8960773763833,1,1
15.5067662913352,41.8053737826399,0,2
6.79903523711553,45.1170236207128,1,0
12.4254375716396,45.6621458144639,0,2
68.1090158095302,48.565343184611,0,0
72.3686205053329,44.1513687570382,1,1
104.400517403856,46.7733550812594,0,1
9.84193377010524,39.2216253832329,0,2
120.303997268677,56.9246255832721,1,0
0.893642200553534,39.6439024943961,0,1
125.115586409122,51.1975730240894,0,2
15.2644001860172,41.6186800712188,0,1
64.4196517048404,48.7070214180615,0,1
246.343441880569,57.198806935105,0,1
114.38758609049,52.0114285684159,0,0
398.799462257474,79.0941795295846,0,1
192.604648362398,59.4443660993103,1,0
60.7190635241568,47.1819927003952,1,2
16.101254131645,44.3285334095888,1,1
310.197770640492,65.4533795848022,1,1
46.4424953022972,37.555090438641,1,1
48.3014598281146,46.207398839509,0,0
15.1942051323901,44.1429506245246,0,1
14.6407910333946,42.2446359874262,0,0
243.886726892814,65.4668836857022,1,1
43.0611307509243,43.6883025483416,0,1
196.704150407836,61.8064049401592,1,2
13.9762362574047,40.227267065361,0,1
44.8889254006087,43.7292714933566,1,1
137.934448232233,53.7207200740545,0,1
51.5560392541811,44.1094073742525,0,2
2.10384098204892,37.9933487454325,0,2
174.749148014486,60.4846270411989,0,1
6.63075568495982,41.4342440912893,0,2
56.2964896596968,46.5891515837421,1,1
288.116328864395,70.6421335955711,1,1
166.273732523918,60.9330575017275,1,1
65.1849485372751,46.8011433631501,0,2
147.540962080955,56.3932196768368,1,1
121.073719776943,49.8792548013564,1,0
3.25922831602668,41.3455188573687,0,2
53.9378901896998,43.2242342973666,0,1
1.80585392513039,42.839274975507,1,2
8.54297059867531,37.1800529312321,1,2
187.93761398226,59.8617670306578,0,2
28.0076206345111,41.3095545835842,1,1
13.1689536234176,39.6889925720523,0,1
2.77713596988627,38.1834679225638,0,2
103.988474469408,50.6101783563015,0,2
112.319370243383,50.9014222194518,0,1
100.559487163797,46.8758759136395,1,0
29.6975243566558,41.1169046984819,0,0
7.90585808455944,53.510099744283,0,2
33.2061270995336,43.3973750278692,0,2
52.0134154837579,43.3851606261335,0,0
56.9481886391359,42.7309460034078,0,0
186.671902376711,58.9588526453349,0,1
98.2522904367744,49.526653663939,0,2
84.4177081526815,46.3251533987231,1,1
61.7502242373303,47.6965189761946,1,1
87.7982227800041,51.786619036981,0,1
60.1492371382192,43.8840712173451,1,1
170.068121075183,58.2447995824393,0,2
55.6907793376595,40.8178911551021,1,2
34.2701204307377,46.5877268421726,0,1
18.2170350076669,46.3457392512512,0,1
59.0193447630901,46.9764701205118,0,1
226.66610392116,59.4746713044579,1,0
68.2928614898361,46.8006265692836,0,1
5.96531988563748,32.6612512203237,0,2
9.93272069003433,36.0176678960086,1,2
42.3861994985663,46.500211751551,0,1
2.27573503426536,47.4404249115319,0,1
117.056173725918,43.5151668649695,0,1
2.86687879601169,40.6338737275621,0,2
49.0950824813917,46.7521812334636,0,1
129.585977157354,53.2960564576137,1,1
6.55045740865171,39.4713742491132,0,1
197.045596025213,60.3966166615452,0,1
68.8774103724956,43.2784123267545,0,2
169.333581709387,57.3657866415223,1,2
17.9693610021327,37.6527804523547,0,0
136.88523420929,51.362485363936,1,2
38.3740259157494,46.5351423143618,1,0
247.008339955732,61.2271471335934,0,1
8.21913189534098,37.67551951122,0,0
13.5196787760297,37.2811985722884,1,2
35.0623691537392,49.9401616455668,0,2
20.4086161665618,44.0301958589121,0,2
18.1995741333812,43.0376510961249,1,1
69.2532682678539,52.2237392874343,0,0
24.9112863447517,43.1106464589636,0,1
347.26675501354,79.2374393460922,1,1
61.6797388456762,42.5985979130722,0,1
14.7367718406991,43.7584632804353,0,2
135.488601607553,55.253888379141,0,2
93.3671420046687,54.2962879476343,1,1
49.7147873323411,46.0127918456493,0,2
30.7745188120753,41.0469032606772,0,1
291.696056111753,72.7703981440048,0,0
214.021405152306,59.5640649725215,1,1
36.2083489905955,39.6701390597086,0,1
190.838670856804,56.6821172981856,0,1
8.35630888448356,41.5241405378167,1,1
5.71346860835108,36.0466498074195,0,1
132.945012582507,52.3240122417005,0,0
122.003681661338,50.6175148875528,0,1
151.07251613915,60.7320500390403,1,1
64.1690541571006,43.9612867392608,1,0
90.153150616039,48.4672565146696,0,0
31.6074998286605,47.4322811495655,0,2
91.354089122042,51.7027343466149,0,1
40.294686271809,47.5157357278557,0,1
124.277734633312,48.0572513034653,0,0
25.971364479512,39.70910872877,1,1
324.31427699238,72.8029858940501,1,2
197.568591235909,61.4604236524253,0,1
53.8790352800861,47.1736346643167,1,0
324.48845377475,72.6678796900053,0,1
161.851367014944,55.5136532344308,0,2
169.80622705501,56.3822451973441,0,2
137.650504856855,58.1099836020904,0,1
3.45090761594474,41.5931957885456,0,1
34.550219014287,47.0993102206508,1,1
1.75514728096133,39.0652551657181,0,2
266.281845583617,63.1964821647384,0,1
152.323594711274,55.0769980855395,1,1
18.2586104786023,37.9937039462204,0,1
21.9887090538756,41.1549350280824,0,1
132.587541481669,55.4029781731821,0,1
95.5209043508023,54.2071817298929,1,2
33.9432854559344,46.7005207283516,1,1
67.6968389467895,47.43337226679,1,1
154.636013544649,55.7665497814349,0,1
283.813543646633,75.8664481147487,1,1
98.9418913310021,52.6804314546331,0,2
6.35884315427393,42.244914081119,0,1
41.444826984778,49.5089854980792,0,1
60.6019101804122,39.8963045938966,0,2
53.1886877641082,42.0521305945876,0,1
52.3923561591655,42.4827430257225,0,1
129.617363985404,59.8879785818066,1,1
130.372056074421,54.5765333592777,1,1
69.376745204144,39.7639942425044,1,1
60.3600975302979,46.715780553875,0,1
213.451385512277,59.1417830890461,0,1
39.3003984391689,42.7571015111201,0,2
227.115551978933,57.170026240437,0,1
93.6832893265038,49.471775112517,0,2
17.0033889589831,41.6213392538021,0,1
76.5580767110573,48.4195793239112,0,1
3.50278449896723,39.9500507562106,0,2
45.9043766381219,44.4304109208653,0,1
151.782715424448,49.4783337064574,0,1
112.588360047823,46.6334547596013,0,1
15.9318344196376,46.8903903684677,1,1
94.7018687387555,52.025530934812,0,1
99.6823271995037,50.9448171858659,0,1
109.651328138784,52.0468321342977,0,1
56.5657653575763,42.9022890673236,0,2
156.126916572426,50.691757329792,0,1
139.067120400459,55.7899604968722,1,1
281.816352306902,65.6351136874422,0,1
26.3989757271484,33.3933725309169,0,2
86.1354832638925,49.1698528469934,0,1
326.760887685611,74.7061751754268,1,2
291.94537183553,64.2321585063318,0,0
291.119597061574,73.6391654103386,0,1
25.6769928266128,47.1905132023869,0,1
5.54140456952155,36.7854320443791,0,2
58.1715520335687,40.7019392955502,0,1
320.09842818886,69.3938006950858,0,0
54.5961793251336,47.3481378387264,1,2
77.5960150600969,42.5689184365205,1,0
48.192205847241,43.0084640561253,0,1
170.747747431993,54.1160220441318,0,0
29.6052512352163,41.3962313486982,0,2
341.387432004795,69.2784494708852,0,1
38.0863391206927,41.615574474605,0,2
109.747350439097,44.2041642522072,0,1
6.70779358782065,42.853814133946,0,1
160.76315782547,60.3131440189603,1,2
206.806269667372,61.4922673310655,0,2
79.8518600387126,45.4208936565627,1,1
283.046866192519,69.0084125340237,0,2
90.1116350663453,47.7224601298109,1,1
37.3326861546309,42.6071485167816,0,2
19.3021390158683,47.8007641195948,0,1
14.6963162384927,47.1323386288465,0,2
198.954247112109,56.6392701259441,0,2
159.754211790413,55.2422676903986,1,1
75.0891736625901,50.5956396993636,0,1
126.294042939097,60.6646746074475,0,0
141.466727662384,55.6083847485543,1,1
30.7343747272043,42.0632736781893,0,1
20.8065458182245,36.2667586937572,1,0
4.01868635468818,38.0508569277537,0,1
4.28526584515572,33.6085302277356,1,1
34.3779554255307,46.5352349815034,1,1
184.158842987865,59.7804835144493,0,0
56.9107887800783,44.0229467511022,0,2
31.4316968668565,46.7154985451264,0,0
163.828510880023,61.1063744373516,0,2
84.3617871208224,42.8550701920514,0,1
96.8689543214406,48.4178134658462,0,2
38.6950394324958,43.9654365543856,0,1
171.214687813968,54.6130436953124,1,2
32.0927390511349,39.129038107408,0,1
21.2932447120547,41.8030111353612,1,2
16.9185193148739,42.3876461701579,0,1
19.9046896006912,42.2895318915391,1,1
29.1675888471362,39.2908765078689,0,2
82.1195586936175,50.9328186799756,1,1
77.4677129031717,51.2779293189763,0,1
3.80700688343495,41.9181067360817,0,1
221.976249537691,63.099542774495,1,1
445.943861363977,86.9067449144576,0,0
54.6967529123649,46.1348716466711,0,0
64.3793891081586,43.9972472065855,0,0
158.775508291572,61.5725085077662,0,0
62.4812592901289,44.3177382880257,1,1
0.737311181751179,38.3667977317453,1,0
3.82885558251292,45.0300944920086,0,2
53.6443061474711,38.9786019915201,0,1
362.638801186159,72.462482147301,0,2
93.2623512080344,52.8746428103005,0,2
40.2883645194094,43.3842026760965,1,1
13.3431735057384,40.042080994879,0,1
79.8390195766678,48.1749021349012,0,1
190.299405951024,56.8797415005621,1,2
127.513949254304,54.5606901521751,1,1
73.1869956830143,48.5058971692911,0,2
78.1525112909823,45.3349756649206,0,2
6.40801769758561,39.3677423489479,1,1
17.1283031068742,38.1103825880952,1,1
252.124198316857,62.2293825549126,1,1
0.969110829755664,39.4757438964528,0,2
28.2004256229848,42.4666459325831,0,1
105.647703317702,56.7600785173891,1,1
274.963773577511,66.5997448424056,0,1
54.1484950836748,41.9430976810577,1,1
37.305824412033,46.3357104118418,0,1
197.130986056551,60.5698155474722,0,1
49.5307063106447,46.1664594451671,1,0
19.0993624889563,41.986691262818,1,2
5.45776989143141,45.2767840651329,1,2
1.71848618759866,37.0618094311221,0,1
88.8393039495286,46.7244172807783,0,2
147.445711324173,57.8004800469827,0,2
106.708470951542,52.6688118712214,0,0
51.2903084447607,46.8639004468087,1,0
21.3506921716034,42.2383305286437,0,1
12.263364719227,33.948515763259,0,1
12.9083897689667,44.8173218843442,0,1
5.5857576308772,46.8575690141779,0,1
61.6711906678975,45.1345698420213,1,0
83.5489527059346,44.8869410653049,0,2
173.217789817154,54.465995023917,0,2
34.6197475465015,40.281824744367,0,2
92.8014345353096,51.1534387928167,1,2
44.5638680392876,44.8106132929551,0,2
13.9809446101439,42.7152633016857,0,1
76.4665824750065,43.9001973091483,0,1
86.8608755690604,41.9243663992746,0,1
9.36441866960377,46.4621171859715,0,1
74.0964153022489,47.25751703863,0,1
58.4850951712579,47.0429905190183,0,2
44.537776986137,42.9540934518534,1,2
7.44525195157983,35.7526807748666,1,1
143.214498003188,55.1532586722865,0,1
9.28794044216745,34.1951027577923,1,1
9.10366650577635,40.4673690900404,0,1
2.17881262861192,38.4152196859181,1,2
17.2169440090656,34.2450449963398,1,1
114.719455146939,51.1436632842858,0,0
56.8745248140767,45.7252973548246,0,2
67.1772655141039,47.7883102190601,0,1
89.3799272792041,43.804213480025,0,1
224.963241144344,62.0956649816049,1,1
40.2986290492117,43.3853106681419,0,0
339.774236142374,70.181614929796,1,1
183.989585320949,55.916178162379,1,0
38.4333320670804,46.0511806041849,0,2
1.93557558375977,35.5330996637505,0,1
265.372201086897,62.5791380770612,0,2
262.459123312533,68.1230559015693,1,1
295.881307824552,68.4277167894984,0,2
7.88798858132213,39.4877283462912,1,2
27.9380508251488,46.4192610573651,1,2
210.511751305504,63.0288615996682,0,1
23.2234437661245,41.136975489973,0,1
36.0339521374553,44.0718496803522,0,1
53.029876629822,50.0056053168004,0,1
17.0320370066911,35.6820902416358,0,2
48.2874042568728,45.8613603147532,0,2
121.240716786832,50.2645256965539,0,2
48.0660756649449,48.6375750649472,1,1
18.4555788999423,38.7263739622797,1,0
43.9917525006458,40.9258907104851,1,2
11.8937258906662,49.3989586266749,0,1
74.5009849181026,44.9971930536865,0,1
44.2819248093292,43.5917659845988,0,0
21.2904963018373,39.9087843433607,0,0
90.4755086635798,47.0432000016205,0,1
2.99334099969631,35.5275647247572,0,1
122.930772267058,46.933361866387,0,1
21.7113015912473,52.2844709539391,0,2
90.9619066675752,48.6167986863299,0,2
147.563319500089,50.5904135427145,0,1
71.4830597602119,47.5991435205921,0,0
275.390323546274,67.7780612124461,0,2
40.217884644866,44.4325879583947,1,1
54.9978002393618,49.4005684216487,0,1
3.31542693348979,37.5023665007686,0,0
85.243031763053,45.725200937501,0,1
284.420373573005,73.389717540592,0,1
38.8352294079959,47.2523770384382,1,2
18.5787646165118,46.5051759733388,0,2
39.1570515774827,44.3744704561976,1,1
27.6238337680697,44.4222787856032,0,1
122.102810110673,51.0045034724177,0,1
72.1873170023411,48.006625615385,1,0
71.3921846095906,47.1660698089686,1,0
178.022282614857,59.4109580485732,1,2
67.9891198480129,45.2484316958679,0,0
136.515823024942,56.7433546714877,0,1
28.3291306153731,49.2995656817588,0,1
190.127853158414,63.5430335242949,0,1
157.983302387893,54.1936102253321,1,1
356.593953995779,73.3384238332176,0,1
262.876903026402,73.3880294432234,0,0
4.03259266819805,39.2543566714619,0,2
115.50651519537,51.6676719527073,0,2
61.0647926414385,53.1970768795634,1,0
144.517896961991,54.7408433531895,0,1
73.9075399476092,51.6164298119496,0,1
73.8687085188544,53.896695167163,0,0
62.0198695035651,47.9823831419436,1,2
56.0503561720252,46.1623411323212,0,1
8.12720917537808,44.2041681529029,0,1
252.90579612486,69.1895252769254,0,2
63.9475846625865,53.2241300716163,0,2
25.0852984124795,38.9302409724458,1,2
55.1850411733612,42.0131502963045,0,0
288.592300355259,64.2777726569078,0,1
51.659689411521,45.5585748494479,0,0
289.928300326047,70.378879645273,0,2
271.620993353063,65.994400983727,1,0
59.2724828543141,49.5375619733278,1,0
352.914282648638,74.4070436130614,0,2
70.2947879424908,45.0360147422425,1,2
27.2818848583847,40.1201368135379,1,1
20.8654532106593,39.9659185593237,0,2
4.72104467451572,39.4042100909277,0,1
51.3158289715648,46.7547224586078,0,1
346.073838262632,70.4519337141018,1,1
1.16277812980115,38.7009048167479,0,2
50.9972565844655,49.7006464580845,0,2
4.05279325786978,41.9377589627194,0,1
131.902060576016,51.741427570107,1,1
93.0372352541983,48.2813181023102,0,2
1.91000152844936,46.7598941392493,1,0
126.503124693185,53.2728414314442,0,0
40.6552674353189,39.0544775879003,0,2
21.5571434931239,47.1093265039703,0,1
13.1229686818298,46.0669253214206,1,1
4.24896911145787,38.587001902423,0,0
35.0364420609549,53.7282050289545,0,2
31.2275377856568,45.5724370808864,0,2
37.5827666725963,47.5740707128135,0,2
55.8525333181024,46.0248644232402,0,2
7.87786310836523,37.6318918093442,0,0
38.3577240233189,46.7488935029168,1,1
33.1201491160318,44.5497252053335,1,2
13.8575842482969,35.776878678828,0,1
9.99185009486973,42.2762304965155,0,1
221.309086165652,60.9958405025021,0,2
87.1740677447617,49.3456668437546,1,0
72.6039955837279,43.7028648667681,1,1
86.029656676352,45.4493209424636,0,0
40.8102735225111,42.2314826701082,0,0
63.0748775526881,45.9335000750324,1,1
5.62401598785073,43.1844715362333,0,2
23.6119810584585,44.9736271920432,0,1
98.2478949239105,50.8811557073124,0,2
234.390207036659,61.0290528533482,0,2
33.0301894105173,46.6697321209101,0,0
57.1158401686698,47.3166596195643,0,1
133.92221655649,48.761137300831,0,1
29.7250577025115,44.7089840150973,0,2
105.902996636968,51.2043283705728,0,2
21.6488248528395,43.0173497251946,0,2
29.6046006883137,39.0271164429361,1,1
27.3319957823987,44.9618041421878,0,2
142.236308436394,53.8221461653405,0,2
8.90882777515799,40.0097194735906,0,1
16.2914163580484,42.8963488670489,0,2
74.2772273214161,47.2180832202191,0,2
0.390759859234095,40.0454680490114,0,0
72.510375335589,44.4636393497493,1,1
123.20585727483,53.931726742645,0,1
296.041181265414,65.0583582381091,1,1
10.4986598892137,39.7219295656261,1,1
67.4350056190782,49.5632288877063,1,2
52.0685453824699,43.9120894506499,0,2
60.0752037502825,47.1665427193897,1,2
420.536660770342,77.8993998611641,0,2
86.683846154958,43.8854688779724,0,0
136.414075459595,60.6900945296157,0,0
161.906084317267,49.8032730877094,0,1
2.25021084491163,33.5399301191575,0,2
50.9299580687657,45.9244956579225,0,2
82.0616562667193,46.3453267134127,0,0
108.964029042079,49.5363285271558,0,1
92.4363440719991,49.6336435328681,0,2
74.4290128106077,48.8472660206041,0,0
1.06406290049224,47.4247683405433,1,1
141.145195401758,49.3003597251002,0,0
4.32415419278225,40.886996367786,0,2
52.2841887585819,45.4327853028764,0,1
18.2277823584154,47.6071691271892,0,1
67.0711047792279,41.6954114772752,0,2
15.2220904091373,44.4255854065919,1,1
153.695462078654,51.3341557674818,0,2
75.5162266155332,47.9187454495635,0,2
462.617331443652,84.9316868455138,0,1
30.1619695276022,41.9930158746438,1,0
209.182147628888,62.957400422835,0,1
205.859327248558,61.3398498111221,1,2
115.900499662161,51.4214104100028,1,1
74.6003109137413,49.1812555334104,0,1
109.625451788083,47.9178325466968,0,1
256.313310033902,65.6001352381908,1,1
93.8103450273722,49.5033438476054,0,0
99.6709776735852,47.8503300003293,1,2
114.299963587848,54.9045984195209,1,1
7.44805866573006,42.8758576271064,0,0
74.2575783873831,45.4599411377165,1,0
18.0607123365626,37.9905494043517,0,1
16.5893976502624,38.0745011651898,0,0
127.931959910095,50.1719981914888,1,0
29.6371192997321,44.2633706918642,0,2
76.3564906751364,49.1025611347639,1,1
81.6923463416844,45.8100838960138,1,1
163.218180231303,59.650104240262,0,2
187.908318150341,52.0786464691344,1,1
23.2895511975512,42.1108188324068,0,0
54.700690086931,46.7499204393932,0,1
12.620811432149,42.5656573113753,1,2
0.614531769417226,41.4356353168892,1,1
142.17336222753,59.2249103839178,1,2
65.0613417802379,53.7587507413959,1,1
78.0705545728653,46.0556962018002,1,0
61.7593686794862,52.4077085521813,0,1
22.2598119415343,37.0075457613171,0,1
64.0033924169838,51.5927371244317,0,0
121.154890347049,48.0016094190538,0,1
5.02165905839671,32.5849205986123,1,1
85.4175505610787,48.8187421839045,0,1
39.6067929733545,43.4520870898729,1,1
359.315187304094,73.0234449316555,0,2
54.957403305918,37.0073768183107,1,1
160.442345354259,58.1103934577182,0,2
39.1573364846408,39.6222694325087,1,1
28.0350699815899,45.1525387829393,0,0
180.402054197639,65.6298596672902,0,2
140.323076828867,50.9193555497429,0,1
99.4213322752714,53.7611996053176,1,2
318.645097895562,68.742912605259,0,1
50.8146590013057,45.406116059639,0,2
9.22988103877352,46.5690044766421,0,2
41.3662173049524,45.0125415283613,0,1
19.3068466131208,45.2815791984847,0,2
18.1828453326598,42.1350665620606,1,0
36.5238248411467,39.3671885185795,0,2
147.041655841768,52.2972440348296,0,2
4.45426096953452,44.6041974637713,0,2
190.043194997609,47.8368156915648,0,1
82.1338413199716,48.163683165486,0,2
2.03717834883258,42.2926408596403,0,2
175.020917911011,56.5611311631755,1,1
1.39540007757479,39.3663029561079,0,1
118.179801441506,53.0428063712627,0,1
35.1290504718199,48.2196544077708,1,0
424.583366154283,83.8188072262526,1,1
147.93002130419,57.444219933598,0,1
34.0001056399196,49.9038461249021,0,2
23.8438443755731,43.5137343660309,1,2
40.7698231121416,42.6247942947075,0,1
8.69926514010876,43.7329480886208,0,1
167.554860859662,57.2209750405754,0,1
197.168009475147,59.3702903364732,0,2
167.49459928664,50.8181619658844,0,0
4.35724656997412,44.5697084326183,0,1
42.7601661533117,46.5311110067376,0,1
12.3656790377572,42.9751844628304,0,2
169.017940789014,58.9167036129601,0,2
77.8783473370224,51.0740058144477,1,0
27.5364878652617,44.7003901365124,0,1
33.6533706540432,50.0191773217278,0,2
117.039130354077,52.2693889886844,1,2
24.1270907465369,40.5346246872135,1,1
48.007621708326,44.3362923215403,0,2
141.925058367349,52.3754222876176,0,2
33.6772007591561,47.605020664709,1,1
148.899415690005,56.914457547086,0,1
26.0610589338467,36.7716436215733,1,0
147.925625003427,54.7230159033223,1,2
55.1117646060884,46.315408341976,0,0
11.3365222578868,44.6365877465092,0,1
98.6449794226884,46.3788073349287,0,1
114.93017490368,48.744076877265,0,1
12.5507082082331,38.160376606862,1,1
112.11077520974,50.7532032602025,1,1
52.7859669867903,54.0267859111326,0,1
65.0421105250716,46.693832686275,0,1
19.1985468998112,37.6876946508792,0,2
94.0553643384575,45.3267990144506,0,2
6.3818835504353,38.2997142903869,1,2
13.2037221854553,40.827271002736,0,2
84.576678025561,54.9654398862003,0,2
103.173543898165,52.6808049827618,0,1
68.5248736731254,47.1376292064287,0,1
35.1390992972312,43.5782744542346,0,0
15.7997023742646,41.0847715047642,0,0
78.1110529532655,50.2467753084,0,1
40.3657164080068,47.1760200584601,0,0
144.023413363397,52.506270837564,0,1
203.748223386486,58.9753430659915,1,2
5.25596201389131,36.751737185474,0,2
160.851685620397,56.3559076852139,1,2
149.427483884455,57.7386278922536,0,2
15.4618314104155,41.3117746835844,0,1
273.724860974114,62.3125937975478,0,2
785.869100329577,110.572329135813,1,1
23.7890375154093,44.42407244347,1,1
28.2554014253399,51.3047080057124,0,1
8.35058879945427,35.4941002757604,0,1
9.18664246308956,38.018004574176,1,1
63.3358087884262,53.3395578502668,1,1
64.7431601472199,46.3828963627817,1,1
61.8489985261112,45.4005350687785,0,2
68.6010530830919,53.1565867565288,0,0
176.532064996213,63.067779361114,1,2
62.8956316476688,47.7303311888132,1,2
269.146934067356,63.3437193063808,0,1
80.3314429798722,48.1695012044047,1,1
77.0822468641202,46.3165680897126,0,2
235.786650137662,62.4059632292306,0,1
80.8527217304312,47.3024104606597,0,1
16.8677089167759,44.4000895822889,0,2
32.1821254063398,42.0812092499045,0,1
190.2259686324,61.3413424103652,1,1
69.8565202520787,43.3991384276903,1,0
227.705489976882,66.3108226822092,0,2
18.7171993283555,43.446300189812,0,1
56.9263043478131,47.389080856572,0,1
102.916316794008,53.4011274546172,0,2
100.297092843577,45.579692463894,0,2
30.5055969683453,48.7311052454007,1,1
93.8549893328893,51.742262563538,0,0
21.8505900353193,45.6049454256049,0,2
57.6539309062064,44.3327971520314,1,2
203.951521112844,59.301687512346,1,2
8.02140070032328,46.7342163439329,0,1
30.6925138097034,42.591987602141,0,1
42.0273783039357,38.1012887590224,1,0
134.274348798692,55.1684871345015,0,2
141.795481103957,54.0050386646462,0,1
117.449621477872,48.6008025975451,0,2
88.4695181352402,52.091568340348,0,2
20.2020901376382,43.4665827683878,0,0
102.684428605959,53.5391694803138,0,1
13.2986373454332,51.9981349268811,0,1
0.607383525957647,34.5568019181723,0,1
8.05049026412078,44.2338625911675,1,1
64.4909641277045,37.6141822487234,1,1
141.553816578835,50.9973518418797,0,2
102.146249273568,52.2299834566467,0,2
23.8758385861292,37.8415908609424,1,2
73.1949902196636,50.3704020819618,0,1
157.81093514666,55.5468230144737,0,1
103.823766918629,53.0312644887639,0,1
336.065419792011,77.7642152750484,0,1
73.2635030347885,43.4902744137383,0,0
132.937061568317,50.7957244732996,1,1
46.3840614371002,37.8750123768083,1,1
29.1665145978332,41.4242751803092,0,1
114.911120658517,54.6057492558418,0,1
168.629806119582,55.3326479200765,0,2
4.2480870001018,37.0031858886001,1,1
32.925626090428,42.2423646468042,0,1
54.7888006939565,36.0962451821927,0,2
87.1090648600459,46.0818835452086,0,2
66.9671479181945,45.0100992563781,0,0
88.1249877189113,45.5211927220196,0,1
129.888480083793,52.0207778021276,0,0
201.591086670086,63.5761717442718,0,0
75.077542630732,46.8026353474995,0,2
36.5674407575279,41.8946310520556,0,2
334.125688343122,77.9425227915208,0,1
58.5472061168402,45.7579495890487,0,2
50.9354709098116,45.6734850644738,1,1
74.9777727441489,43.8479112610541,0,1
140.701890608782,50.7171986998654,0,2
181.613433345705,54.0605318279567,0,1
24.1326377736405,45.4437706839413,1,2
475.04565006338,84.9542195007363,0,2
29.6960884109139,47.5418294316561,0,2
147.024806370769,62.5938967920101,0,2
3.37460455391556,46.2468978860842,0,2
120.193773451969,49.6883355525106,1,2
307.028168066442,71.7103752140629,0,2
15.1959695263936,45.5145670398262,0,2
139.873472717332,54.7487731990906,0,2
153.80445699349,59.3483939929834,1,2
9.92471935786307,40.790663110883,1,2
23.4089976334944,42.4500868685763,0,2
97.5882840880751,55.7924541507524,1,2
7.20445056606694,36.9541098926303,0,1
222.896836213097,66.9536113666016,0,1
112.487110391036,51.0915894906152,0,2
28.3087670179084,40.1990001094032,0,0
40.747122769244,34.3520605515108,1,1
79.9895325522854,49.8263929008303,0,1
78.3586642600531,45.2703772963644,1,2
169.300699144155,57.3355628103158,0,1
53.0898043513298,43.784095728758,0,2
37.6365779787302,48.5043534158926,1,2
44.6003903485835,52.0969860689922,0,2
84.1676798181235,47.9747046089202,0,0
116.841229147986,58.356268452772,0,2
161.161940294176,53.8399158532384,0,0
190.092170442939,63.2510446955321,0,2
26.2799895944908,46.6953494419905,0,0
174.29483097747,57.692075764523,0,2
96.7453716376423,53.2444906194218,0,1
91.265852324441,48.9889868557903,0,2
131.437400280982,53.9994337249568,0,1
92.2754811292512,52.6989513181351,0,1
12.6413810507384,47.125680333844,0,1
62.707933338359,41.1133359443841,0,0
77.2659125794539,46.823058335202,0,2
29.083860807492,38.2446709732539,1,2
13.2004702793161,47.0863689334843,0,0
64.0622960450128,51.1460139351009,1,1
103.506628157347,48.5986124711858,0,1
5.16490441095084,41.1766339315907,0,2
103.65018219851,47.2210763789462,1,1
152.740657437146,58.4403605805948,0,1
19.4036962073296,42.8303022843978,0,2
69.4430796739717,51.8281035339908,1,1
58.278668067418,47.2343661393738,1,1
188.058789506107,53.4457354452697,0,1
141.474196580891,52.0071188714073,1,2
259.94666378133,66.3401281094259,0,2
115.533458623812,46.9988066941251,1,0
282.093329235017,64.5028729538588,0,0
187.841661203205,61.9679045063004,0,1
134.571811623424,54.7881656805766,0,1
180.916700851429,60.6587525928324,0,0
91.6064058651775,49.7584961930789,0,2
306.617099850476,70.7303839648471,1,0
62.1307671051472,49.8945674343153,1,2
24.2571292137727,39.2374799802134,1,1
12.763835998252,38.4672261476948,0,1
8.76332164339189,42.471664966943,0,1
193.576697967499,59.8001306740646,0,1
8.47014917664836,35.736884263187,0,2
167.360846709013,57.5125882036612,1,0
103.49937230885,50.2140412687888,0,1
72.0061199532449,51.7096089660803,1,1
34.0565978595987,38.112604745995,1,1
37.5139654340051,37.3408307552945,0,2
111.138506344006,45.592953689111,0,2
180.242405920774,62.6317487099749,0,2
18.9290339029274,41.8152173585604,0,1
17.3074342846302,43.8538741745361,1,2
51.0418011490256,41.8674820903199,0,0
148.080111141801,56.0611226785411,0,1
47.4621183304116,45.2820829717178,1,1
241.2650118687,71.4882287203885,0,1
17.7190628284588,43.0074474808922,0,2
88.6937329096347,55.7444166899172,1,2
158.901515036374,59.5404890942333,0,2
94.9069245921075,50.4837466456034,1,0
254.857978477403,66.5487561490701,0,2
114.727408986315,51.9096439211785,0,0
63.4846076536924,43.0081368352589,0,0
152.153669956624,54.6095701433286,1,2
337.264141370275,79.9638999944891,1,1
28.6224391553551,47.4858491720083,1,2
227.128229386434,66.2459440640556,0,2
175.308751981258,55.6738744999522,0,1
219.638017712505,59.500435954333,0,1
2.92448148310664,43.8629904691893,1,2
4.82893425319344,42.6826802078872,0,2
111.864062966555,45.8245497080573,0,2
26.034261004068,41.5593109825023,0,0
7.47274416107638,47.2468151365999,0,2
47.3944966010749,46.9373386708007,0,0
10.829105168581,45.4052609687905,0,1
3.64178273361176,35.8312048469919,1,2
108.660050211251,42.1689715019623,1,2
118.330773725882,53.8022305645691,0,2
44.6005885927007,43.1505839168946,0,0
48.511084265697,44.8348273759594,1,2
15.9567263074676,43.3919250462113,0,1
22.6991972931521,39.9703716935876,1,1
157.951613784362,57.9460565496978,1,2
21.4696117800898,45.1125415693036,0,1
207.691193587407,57.9968902362867,0,2
117.406054170579,55.6752831586299,0,0
318.755580230653,75.3045487607092,0,1
26.6276858374476,44.6176425448514,0,1
366.783278255537,79.0302152926188,0,2
61.7282965732738,51.2769386636798,0,1
10.0087795909494,40.7834885896889,0,1
94.9608123244345,49.6382555255426,1,1
33.8039201274514,45.7648172761168,0,1
89.3139668203634,49.8042703591079,0,2
224.293681158945,61.1952599555783,1,1
176.80321042195,58.9212123855568,0,2
255.462010837421,65.2631664534101,0,0
9.37612802907825,43.6892218305222,0,1
10.4291094510769,36.4515676847317,1,1
49.1584652271122,40.0576137810969,0,2
11.5056283418089,39.1942769822986,0,0
219.118351138457,61.929759974459,1,2
167.759701791704,58.4706629820792,1,2
156.640597126931,60.7594735766988,0,2
3.42658503001392,34.9109888863187,1,1
53.4428542749956,50.9440279403774,0,1
38.9179418445047,48.4677577382819,0,2
118.216055383682,54.4156612071007,1,2
74.1951895372569,39.9474000605479,0,1
211.614698487989,59.5064039838317,0,1
184.770545105934,53.6259047447193,0,1
319.219791351855,75.3110081953729,1,2
30.0231556144191,41.6760682525719,1,1
2.4577027503401,43.6997151053408,1,1
160.960651337653,56.0702920611001,1,1
112.737112549841,47.0329064105429,0,2
12.0187971974715,39.2174170371919,1,1
113.713451389,53.5256500288428,1,2
12.8697075489908,41.0900364856606,0,0
41.9650702802464,42.8909998034495,1,0
94.3263719694316,53.1700965632155,1,1
41.105648371391,42.0408003067518,1,1
10.4035069588572,45.0176618198695,1,1
80.8388575741648,46.1823809453059,0,1
85.0806548649072,44.832117469387,0,1
190.501313384175,58.6087819497289,0,1
17.5653436291923,42.0088018137526,0,2
87.8392583200397,44.8440122978997,0,1
9.7393833108389,39.9667465649022,0,1
19.77267105598,39.4148553129795,0,2
0.26253283478304,39.559168551123,1,0
87.8655445387214,42.1111385290334,0,2
188.493225927949,63.531928212385,0,1
45.0706562977284,43.3614235542243,0,2
107.737222663835,47.9175865446798,0,0
261.934997557699,58.2470903030354,0,2
29.9418542562053,40.097327652797,0,1
160.558212715685,53.9898296098167,0,1
178.743872466981,59.8059786682628,1,1
119.322713663578,56.6137018636061,0,0
265.772194923652,63.9636663035217,0,2
19.0313703480098,42.5323080071068,0,2
164.527221373767,51.1994565235368,0,2
163.546587347537,55.3120248531764,0,2
140.943675756288,48.259617117882,0,1
32.6747113931924,48.468422261964,0,1
36.3804436344653,40.8867191861395,0,2
215.098232199372,61.7225664472734,0,0
73.0569900011271,41.9516774868272,1,2
31.0302865961567,40.143524997302,0,2
267.491654886901,64.8494772007214,0,1
17.4763252288103,41.9803530122517,1,0
72.7924319354444,45.0297954426061,0,1
143.80012001425,57.0342039290384,0,1
73.4553001204133,42.6819372289874,1,2
20.4223596226191,41.7486266957587,0,0
270.065903497121,67.8534546222426,1,0
399.29491829738,76.5764861369991,1,2
16.8770916545764,38.6969534406755,1,1
7.63744421675801,37.4263254175985,0,2
73.2219401372224,44.8132707222194,0,0
84.018537210077,51.9226819457261,0,2
75.7130739468102,48.4318182790462,0,0
13.3820633406583,36.6573631145632,0,2
12.3742712941021,41.4244748197516,0,1
5.00154880713671,38.0499577377655,1,2
27.6148941045509,41.6052568501753,0,2
66.2372698949277,48.9414140244362,0,0
156.216029422541,52.444003267711,0,1
4.67339228652418,37.7686244788297,0,1
4.93538383855925,36.3543482710438,0,1
30.8634712491417,43.192144065237,0,2
51.9221907109022,48.4961718772246,0,2
243.656297630891,65.8731681632456,1,0
129.605582795814,50.4516240911514,0,2
212.80464798145,57.4757035371423,0,1
112.477160891294,53.5984120818402,0,1
44.3285374902995,46.5717253643475,1,1
119.007735933885,55.1628477075855,1,0
71.2666814555209,43.7837790685513,0,2
35.1022680811584,43.7710995940349,0,1
8.89511653248312,39.9144538919907,0,1
385.035802959278,79.2651971886063,0,1
322.409875630438,68.8887485235019,0,1
174.030864186138,59.1445913245102,0,1
242.411815173253,62.4750006964159,0,1
37.5719812996686,42.54747741406,0,0
53.2044874569401,45.392012806433,0,2
81.4992252692848,51.5336229346969,0,2
10.1093222083722,46.1870362240251,1,1
222.283323853537,63.3049102551747,1,1
100.90618876718,47.2159397029416,1,1
65.1035277256742,48.3814721925761,0,1
9.2254191217944,38.0366867242633,0,1
8.17530747037381,38.6550402127829,0,1
44.7503852006048,46.0027537986533,0,1
52.9041306357831,40.3609925423513,0,2
32.8794830339029,41.4308117444665,0,1
30.7325062043965,42.2098556723258,1,2
17.4352035592083,48.170157028425,1,0
29.3268031738698,45.432180056165,0,1
82.8812613540887,48.9417840381738,1,1
112.291959652454,48.8452074628698,1,2
6.61845178791472,39.7464467575222,1,1
126.268858276084,48.4118628512036,0,2
81.6865385638177,46.0683881274211,0,1
123.703840823844,49.6165619910867,1,1
9.31010564696044,37.3162785698213,0,2
7.25241557788104,46.6924272519333,1,0
128.191145030558,49.5864034791158,1,1
30.4498791657388,52.6547274524422,1,1
259.633063561544,62.3865406271964,0,1
14.7683966001496,39.7835797522621,0,1
11.7290759878233,40.4935460722322,0,0
99.915423849374,50.4235938968348,1,2
251.028565018698,65.985478497736,0,1
255.721201560721,57.9061169353546,0,1
67.848988649068,43.0418151683296,1,2
23.5052345234136,39.4392183240716,0,2
148.873780086189,52.4260293160167,0,1
4.19160769321024,29.2640245904223,0,1
318.542718662917,69.122125840563,0,2
188.634115032405,57.766802371879,1,1
89.3738948626071,45.3649607266617,0,2
57.3578743398171,40.7302237969931,1,2
42.6505598742515,42.6152596659101,1,1
30.8210476562381,39.2728574256513,1,1
126.996359383464,51.5421554248866,1,0
25.0860653882846,34.6512502148316,0,2
243.425449907109,63.7776033107277,0,0
149.809487942159,58.2968725609495,0,1
33.7261055235722,49.9477288935153,0,1
25.4208933115005,40.6259177787735,0,1
200.933031759485,59.4035274417621,1,2
73.3209238302863,46.4254425444834,1,1
297.531617744863,75.1027009544315,0,1
105.842488471195,49.5548973542811,0,2
160.669034547657,52.2096562664171,1,2
159.732883474839,55.8896510458302,1,1
136.85102979026,47.1520570354463,0,1
182.528137392849,52.4196711756594,0,2
14.1912158783525,39.3017297483835,0,0
25.6335195600986,39.4339963590236,1,2
31.3675509216264,41.4118087155453,0,0
111.806111689433,53.1944685836763,0,1
43.1037819068879,45.8707920969464,0,2
7.9204347532496,43.510989271761,1,2
92.0893452556431,44.6633916926179,1,2
191.820206939727,59.3133843088508,1,2
263.009660085553,62.1544793972741,1,2
21.4274420598522,43.7744388838698,0,1
95.2726766278594,45.8047915207806,1,2
28.0452168405236,43.3060855014986,0,1
190.046813029349,62.5738451873776,1,1
78.0950879530749,42.1200382742417,1,1
157.912394638657,59.5698776599702,0,1
0.352935328148305,35.7633128510336,0,1
12.7145823455423,41.609332942659,0,0
193.62202824235,64.7262731674633,0,1
9.0721574658528,41.092898994722,0,2
27.8027558904141,41.0724974614217,0,1
9.18537551723421,40.0537477229593,1,0
0.452517667484533,43.523899654296,0,1
176.767037808448,55.7543196969199,0,1
60.800683984533,47.2209553391637,0,1
101.597631506398,51.7711680700733,0,2
70.5917221082001,56.7698798663856,0,1
13.5773930866271,36.60700619287,1,2
56.9033153839409,47.4557453360104,0,1
285.722526728213,63.5176930410257,0,2
63.1259839143604,52.9977918026076,1,1
15.7889663325623,43.6489079365458,0,1
190.474539003819,58.5228643045211,0,1
53.1793113294989,40.1733358271375,0,2
41.7401361754164,41.0841851146272,0,2
215.868219158873,58.7580939081138,0,0
116.563201950639,52.3725561513132,0,1
38.0276838131249,37.5212543518245,0,2
2.09098373405312,45.6464837744176,0,2
109.143403723769,54.0662385769014,0,0
93.5924891445381,47.4675597141606,1,2
73.7411392340115,44.8093540247748,0,2
0.194236513227224,42.4495182631905,0,1
20.0913064179142,46.4767949026498,0,1
182.889219026565,58.8956870708936,0,1
11.7124210745096,42.7833333476365,1,1
64.4877957236022,48.7752221197712,1,2
215.457323230132,59.1804941858374,0,2
45.3241821592674,48.6991971071884,0,1
8.0088756904006,39.3579805908759,0,0
170.596330247372,55.2840285938268,1,0
109.05543976441,54.6398498435399,0,2
90.7546870687603,44.5951037420361,0,1
50.8084429167211,46.3619752656664,0,1
191.74681503281,60.2713217085735,0,2
172.52155222488,51.3772771805986,0,2
64.9834629641846,48.8780479748394,0,1
41.3583074128255,42.2124839121487,0,2
90.3968573519378,39.374177987058,0,2
16.5071519799531,42.494108826475,0,2
95.9603489206731,58.2495614752524,1,1
33.1141106151044,47.23621962563,0,1
156.570766873211,54.8852184448433,0,2
395.275321767126,80.2537990737882,0,1
127.519670976102,49.9010214916544,0,0
54.9490289473906,45.0709864064454,0,1
79.0581419819593,45.6828268548447,1,2
3.58909313287586,43.6726803051508,0,0
32.7597795678303,39.8305459755738,0,2
195.676054052338,56.5908924530049,1,1
122.414127174541,55.2845076523747,0,2
100.045191585794,48.1107490173969,1,2
385.917078732326,81.2057330348476,0,2
165.459584901684,61.3312238173196,0,2
18.3485285240751,40.2168845167061,1,1
52.4316820316017,45.3231039799542,1,1
216.852364179339,60.9523725485617,1,1
103.767395561618,54.5098475686263,1,1
81.8768493270128,44.7763523842254,0,1
190.00154841274,57.1764370386161,1,1
2.03642187640071,47.5260165162111,0,0
14.5231671389192,39.2902648283717,0,2
204.537239553034,63.5073532184486,0,2
20.6359963552131,37.1492333863053,0,1
27.8922984054218,43.4369737335443,0,1
111.380260564163,48.3743981282955,0,1
0.990746432960576,42.6286546300642,0,2
10.1546123968762,43.42606021468,0,1
6.99298117496073,46.5531379296566,0,0
37.3395344475284,44.7725844199756,0,1
138.900492801815,50.2398109029269,0,1
114.028504457066,56.1602676015438,1,0
50.6670936793089,40.1110815417282,0,0
2.57699826377169,41.1942108813285,1,1
159.048343322724,52.0908158782982,1,1
31.5628538122401,40.5373015772057,1,1
155.48005864352,53.0830895261606,0,1
62.0495145060122,47.3597289977732,0,2
134.249023297819,58.574040160229,1,1
1.97636458929628,42.7756311802352,0,1
33.0967397205532,45.2642748721867,1,1
21.7230008393526,35.4792573491336,0,2
59.5794433625415,45.7422038202073,1,1
5.35256274487129,35.4975776485322,0,1
85.4071318039298,49.11984731351,0,1
198.894102788791,59.5178866564994,0,1
26.9519201677952,38.5522386488514,0,0
61.860818891786,45.7243491924743,0,1
52.268629112203,53.3826315368384,0,2
97.1376148478686,50.4191685340677,1,0
186.861276853382,60.3036037077521,0,2
48.1756137044678,49.8858919874068,0,2
32.871582377702,47.1480822479471,0,1
6.97671677958292,36.3363563981227,0,2
159.567043955922,58.0967913605543,0,2
117.540500275567,48.7404312582843,0,0
43.8302080137655,40.9561281535201,1,2
175.413986384421,63.9802677897897,0,1
18.4846939966083,42.70414395635,1,2
20.2277546310797,45.6524438326083,0,2
66.2779936750978,51.1117676176752,0,0
45.6636335169896,51.2163302914135,1,0
133.458344321251,50.8337383232976,0,1
224.184276669547,58.7733647231473,0,1
53.9777213679627,45.1407110473772,0,1
21.4847926516086,44.6535673330358,0,2
117.36726643309,56.6589799587639,0,2
103.94116648078,53.9027233406547,0,2
85.1123806645721,44.9351170289628,1,1
52.4153040647507,46.7013152634473,0,2
34.2299178894609,46.5605111682921,1,0
137.176360431611,47.6800269511244,0,2
177.160246201565,59.556468545705,0,1
47.2226468781009,48.6427740978693,1,1
49.8253454370424,47.05532534501,0,1
408.095285354703,79.6782600502926,0,2
47.0110601565923,47.9167610981807,1,2
46.528984861841,44.6965860966489,1,2
479.790524302348,79.7060036699177,0,0
14.1973652103916,44.0917611999082,0,1
196.283413796946,56.6919115747492,0,1
250.62037526004,62.2403828292772,0,2
106.137213531493,44.3818304983729,0,2
29.8355446336791,42.7893773487808,1,0
53.9380320552737,43.3135925449549,0,1
95.5124301479756,47.3402080680505,0,1
4.07542342589195,47.1457207388084,0,1
8.64935507385803,41.4171109170037,1,1
160.167607284635,55.55067577869,1,0
11.4245475798148,37.6933764282405,0,1
70.1631097474694,43.5737668959427,0,2
49.7186795701086,42.898151754783,1,0
3.41423480294899,46.7499178695087,0,1
50.3304808586836,41.4909469419072,1,1
1.66826040204614,39.0789022939178,0,0
64.3642212226987,45.8449452437189,0,1
257.113343975767,61.9624811094079,0,2
124.416488794386,53.7959535121446,0,2
80.5068273395072,54.3404958891637,1,1
128.493001617268,56.273960371786,0,1
67.3469858327867,42.8084365473102,0,0
37.4580015765475,48.8490774363446,0,1
305.859699495325,68.1071130502831,0,1
168.198877391804,53.8053334630354,1,0
4.58971427194774,38.9560701947572,0,2
65.4458980260044,49.1299751330058,0,1
61.2710306183014,48.0515052790161,1,1
149.733195341676,50.7411585154599,0,0
111.591243168116,47.5266532598285,0,1
24.3167047882453,38.0722862806717,1,2
61.739907970652,49.7835992796273,0,1
50.7930460590869,42.7092624451156,0,2
18.4368710285053,45.7231647331333,0,2
71.4944687172243,44.0056709713866,0,1
49.7309046424049,47.9505791644294,0,1
98.1103847676515,49.2750965489339,0,1
216.371814369485,55.6327810675698,1,0
184.996424339265,58.6501941625218,1,1
139.386537476927,53.8190391299933,0,1
71.6661236321181,43.962440472982,0,1
37.6287995781749,39.3765664998284,1,1
223.296413711533,68.1377479829303,0,2
29.4078621402063,47.1423773444178,1,1
58.7566220713779,44.1787010181042,0,1
31.748100288702,39.9407099396671,0,2
173.1939140293,58.1711137303138,1,1
49.7751229228452,43.5951916785875,1,2
261.756008639037,66.544729940331,0,0
88.428804006204,48.9721208124669,1,0
789.850789782702,116.801353023343,0,2
134.973639553517,51.5700918785802,0,1
12.1499392753467,48.827508048731,0,0
4.318320235979,39.7151158519952,1,1
213.15819607608,60.6582429793334,1,2
4.41259597061332,44.9228355761486,0,2
17.3220661210543,48.1724698728235,0,0
149.439427587688,56.1515752276099,0,0
86.8015889783948,45.9202015981257,0,0
52.9806703021902,50.1982069104688,0,0
12.3355314871296,46.1406802588096,1,0
52.0529045825824,48.5735501826217,1,1
264.072640708287,67.4465533712047,0,0
226.8606452869,61.3642661323509,1,2
57.4442844474688,46.0540775293403,0,1
10.7578307837248,43.396469457456,0,2
0.154374781501267,37.8919864844594,0,2
9.48758070543408,33.7510020155676,0,2
157.404311380833,59.8029497876382,0,1
14.0053976271302,41.6696478472663,0,2
12.4685672530904,34.6401112169684,0,2
42.4933960614726,39.0743042466094,0,0
97.1101757434755,46.3325866790151,0,1
92.2430128546059,50.9889994011079,1,2
295.303999244273,68.9945341455916,0,2
105.818399950638,43.2085678598197,0,2
199.419808193371,57.8661086462039,1,1
429.652781902402,78.9632207496579,1,1
18.6419265316799,43.0672078945428,0,2
65.5718843609519,46.4822590753731,0,1
170.193887598365,56.1553097395631,0,2
148.222628220469,63.3856070590793,0,1
8.54624976889839,33.9619479490215,0,1
23.3498337799683,47.2746878290955,0,1
5.95736410561949,41.8334668642718,0,1
91.7127674014866,51.2636889841807,0,2
65.8723853903317,43.9361729339566,0,2
115.093867679834,47.8491751503439,1,1
100.756558011994,50.4961953660992,0,0
88.8630651967632,51.4364650553125,0,1
103.263628843948,49.795856790543,0,2
271.710917218625,69.2937723069159,0,1
147.260189406127,51.908352469044,0,2
204.261707454249,58.3889961383035,1,1
4.71412911079824,44.7869819276588,0,1
61.975570413284,48.6760184818972,1,0
0.215399306164528,37.7119402024045,1,1
695.306015131622,110.979828128041,0,2
63.5787339080125,47.2485113150278,1,2
251.905947870835,58.5067087501177,0,1
36.8070005858317,46.1546362932744,1,1
112.631310771927,50.4767860638906,0,2
174.707534346282,48.249956424502,0,2
47.6845971709969,41.9020328891973,0,2
35.7163054295075,40.8561983979636,1,1
34.7224149570543,45.2282875240612,0,2
42.8725124821067,43.9211342517629,0,1
401.056797079887,75.295003635526,1,1
261.752471848428,67.560024349508,1,1
19.9487903593108,43.975373705628,1,1
54.3660762533545,42.8500337281844,0,1
46.7278429558501,42.0093025422431,0,2
278.609612896144,61.4930777224399,0,1
3.07322788020111,44.3212893640989,0,2
410.571463805066,82.785251795318,0,1
32.7239684248343,44.7701537976148,1,2
42.0415932098404,48.1212448258219,0,0
36.1441127909347,44.5001452916788,0,1
21.7856811294332,34.1661247250947,1,0
54.096552586183,39.4579118235592,0,2
110.560854902267,55.5848060527957,0,1
29.5659573655576,41.696676959347,0,2
21.4518212041766,41.3664886294638,0,1
1.96982651669532,39.5412343502208,0,1
2.09815211375571,46.2330353647592,1,1
101.562045790032,46.2679959800611,0,0
30.1983736520633,43.7703417145643,0,2
213.303406543359,61.8323629474805,0,1
23.9237716412172,44.4706015219412,0,2
17.2393222199753,38.8442264147731,0,0
91.266226663962,48.0751404252717,0,0
16.5166674349457,46.2316222950158,0,1
81.1226903665244,50.704705646176,1,0
29.5127666852911,41.7350578024856,0,0
42.8314687274396,43.1496431369543,0,2
87.4977250646008,48.1659633210596,0,2
66.1043431216478,48.4376418189361,0,1
268.319073531809,64.5382370518023,0,2
44.5662717875093,43.5445702545488,0,0
278.895422696173,70.7706513572823,0,2
29.2245338093489,40.4984035407865,0,1
258.144685424194,63.1909869822044,0,0
154.848335139006,56.6655070676694,1,1
61.8866989651796,43.7974920048226,0,0
23.7188298143446,49.5968471215546,0,1
275.450990646183,70.5493154245488,1,1
110.723672983944,50.0800167361066,0,2
21.8524135234504,42.304316089615,1,1
227.332191898748,58.2789963991906,0,0
58.4897474516183,47.0098458696185,0,1
156.398642351131,55.5615266230249,0,1
53.3299771649763,39.8033338270154,0,1
11.9733120398596,39.3905115907231,0,2
106.0774509532,49.1964844389916,0,0
61.0593610852957,43.7535227140052,0,2
55.0305913658813,41.2250915971174,0,2
19.1165874246508,42.2826902208291,1,1
55.0348182683811,48.2099341064475,0,1
52.3771571516991,43.4882425497338,0,2
30.8226690208539,39.8755841577615,0,2
15.055360070379,48.8931464211111,1,0
2.16136100631542,40.7529858104698,1,1
82.1643651907891,46.057348382607,0,0
3.23233277443796,41.7659766889257,0,2
50.784660669975,47.2473226542152,0,1
39.5907366881147,38.2504452758732,0,1
134.439773713618,51.9395714039032,0,2
80.578207882736,51.4014520035527,0,1
149.653070926219,59.1529669412594,1,2
162.806483622193,57.7664577865592,0,2
149.890862840712,63.0462796454123,0,2
28.7701351810247,43.0557547069345,0,1
88.3764249235417,49.2744820934233,0,1
246.457046574754,64.7495896130579,1,2
10.2041611394657,46.3508089481463,0,2
74.6303032148975,44.381778392663,0,2
127.373114427328,54.3542190415918,1,2
96.4761217215657,51.231152294943,0,1
19.1912381950649,47.0931868814551,1,1
222.807815193459,60.6320250557818,0,1
2.25706372689456,42.4040397316326,0,2
120.050169160366,50.2897990175286,1,1
63.7187077803537,42.8765070763801,1,0
3.24269746457876,39.2312918939375,0,1
210.076508826837,67.6384943745812,1,2
279.559695408117,68.6788078307922,0,1
116.017656901628,48.4132829149523,0,2
45.4940456766635,38.416678133423,0,1
112.174702524915,51.9201586174727,1,1
136.718616384566,54.9614512974392,0,2
70.7238538211803,42.6947308895885,0,1
28.2996706375852,41.497729151936,1,1
122.023364163712,50.4157771520948,0,0
12.4062216887251,40.5913720526273,0,2
41.4200756661594,46.6397036233246,0,2
162.569906472713,50.8549930365335,0,1
64.5357816554606,41.935393892288,1,1
201.101116591874,58.6662309999813,0,0
1.56852861091891,44.4419795244523,0,2
38.5399917848408,41.8478133447983,0,0
16.5951064908877,47.3442389618665,0,0
13.3154402524233,40.3698319805369,0,1
46.1157972263172,44.2349620804296,1,1
36.38396554254,41.2042485308154,1,0
47.0877286028117,48.1835890865838,1,0
89.7030954805761,53.5342573928448,0,1
27.9592962125316,38.8179477311237,0,0
60.1691838493571,45.2849965995852,0,0
76.834437205987,53.7535541194032,0,0
174.683095648438,52.5996816709714,0,1
20.1779818320647,42.5080767708985,0,2
72.548653447643,51.3834203131129,0,2
463.877067623958,82.8224070531024,0,1
113.410165203512,49.967546088083,1,2
176.839960127622,55.4536501442076,1,0
10.5029418133199,36.9083668396302,1,2
137.496152836382,50.2060545258189,1,2
19.4090371201578,49.1572310326248,0,0
11.1086505595595,40.7806380434126,1,1
16.32292559091,38.1613978265858,1,1
67.5229282116144,45.2643058717066,0,1
98.6724807710945,49.9676001450205,0,1
40.9099450530484,43.6467918417912,1,2
45.3807641994208,40.647650146983,1,2
10.1597767225709,42.774308175426,0,1
152.547142814398,55.2159436620139,0,0
121.914628512934,55.7340758526056,0,0
116.350323574394,43.9557695065456,0,1
118.114810637906,52.7989640776667,0,0
100.280531296283,54.697296571565,1,1
106.556161515191,54.8072986763291,0,1
490.626253100503,90.9850742013101,1,1
74.4585595152765,51.2988133983442,0,1
81.7164847625046,51.747860647383,0,2
168.097804281713,51.6142553906368,1,2
18.1558477142826,38.8584859627616,1,2
107.062881445289,54.4061268435113,1,2
93.3665434641391,44.4266148347528,0,2
58.8282961398363,44.0202360778544,1,2
29.7176003707573,42.1250338141473,0,2
112.41407724075,49.7162688480656,1,2
81.3717767184227,44.3443393930762,1,1
32.6045130155981,40.0639521914188,0,1
3.66944109275937,42.9170990149749,0,1
28.2688010865181,40.4752775479377,0,2
84.8247521312534,49.760350563783,1,0
12.8915941985324,49.5562780641656,0,0
29.8874427461997,41.6416789056667,0,2
114.972482749969,52.6611300936936,0,1
64.1871333727613,46.2143805208142,0,1
4.10790275875479,40.5084054756308,0,1
323.22297608763,70.4447649466196,0,1
8.75474744848907,40.8030309745563,0,2
6.2802117196843,42.3820098154214,1,1
37.1522789373994,40.4804349398056,0,2
33.4429983058944,38.151513200505,1,2
81.5427101587504,49.1338570908836,0,2
46.4619180606678,49.1631192289806,1,1
47.9228065633243,56.1577694280257,1,2
147.508397869319,51.7331609287146,1,1
321.98774620623,72.1315750998334,0,1
33.1654269518331,43.9591321485379,1,1
32.0551797486842,42.2530212100318,0,2
26.338795308955,43.5673042563879,0,1
0.733467209152877,43.5119207798238,0,1
6.65999619103968,42.7715977617376,1,2
21.2550902715472,39.1353402326154,1,1
56.3591658789665,45.9967736295421,0,0
13.5182839920744,45.2075162989628,1,1
106.485726767927,51.7021890197057,1,2
208.22729632132,62.5980499475457,0,2
10.4725364008918,47.2135662083392,0,2
41.5057351589203,42.4405534068271,0,2
86.5578941553257,52.4895633722204,0,2
29.5905117094517,43.9027338287244,0,2
57.5933137731627,48.3022282956613,1,1
21.0565369902179,42.3956222918435,1,1
68.2144366142433,37.7115151546963,0,2
20.6173233092332,40.0139979443528,1,1
548.118399618268,90.7071324613371,1,2
27.4814122878015,46.079371873282,0,2
98.3685134907811,48.3710629588632,0,2
29.9993852768093,46.6874054621159,0,1
45.1478397930041,45.946448552628,1,1
134.156550019408,53.0191935659946,1,1
40.0855575064197,40.5110086718491,0,2
12.3421947918832,38.047506048945,0,2
139.340248066485,50.713912341805,0,0
15.5461628850158,36.7158225413965,0,0
1.42806758452207,38.1369789978053,0,1
44.8570682872087,42.0279297713035,1,2
89.4687221718579,42.5010324818448,1,0
52.9422553125769,41.4725868050473,0,1
125.733304135278,58.7892272982482,0,2
44.6036833468212,43.3808528039203,0,2
288.464112426602,73.2287298533186,0,0
145.983965080489,55.6754101454147,0,2
62.4227706659585,43.7462076825348,0,2
14.5490187583491,46.5141794148685,0,1
75.8868045320361,44.7523596187033,1,1
150.946808795929,54.9282120618581,1,2
61.39627650287,33.9717367527857,1,1
80.5843637831152,56.0343464506772,0,2
30.0656483620405,44.7227745503746,0,1
237.261907323524,62.8506374971681,1,1
164.89612841934,56.1658511008837,0,1
7.19296646118164,45.6176692232754,0,1
5.92317721620202,38.0673929775272,0,2
40.4110040487722,40.6453601227858,1,0
98.1268997413665,43.7402497557109,0,0
146.40765127626,56.4590418230143,0,2
157.217002249807,60.7681378167048,0,1
148.610016625669,49.6457662344,0,1
0.987249881960452,34.9679476183861,0,2
159.440069146007,49.6910539961781,1,0
89.8339474534243,44.0217871712994,0,1
50.3418006459251,45.3047493630497,0,1
27.2232507793233,46.1992962911095,0,1
99.4194681064784,52.5166397419205,1,0
21.4361196281388,43.0331431221666,0,2
356.510505347326,71.6447759896699,1,1
14.6526934890647,43.8476520151719,1,1
53.7839465879134,52.6682633544546,0,1
67.3807098341733,48.7486480916891,1,1
306.552207096517,66.9603100604923,1,1
172.309430807382,53.3170955642316,1,1
162.876320004016,57.9801952351642,1,1
61.8711387040094,45.9466900682555,0,2
25.0060261534527,37.9978927405539,1,1
29.2530891476199,38.9288837554687,0,2
36.1575214294717,43.0325031110375,1,2
94.2472039436488,47.5364593591381,0,2
67.8275862166285,45.7045131162805,0,1
103.711317957438,54.1885204562562,0,1
317.09729327172,74.1718413289101,0,1
3.80904894229025,42.8523819091376,1,0
33.0690549667925,49.2540989342841,0,1
58.7473967820406,51.6207760965543,0,2
68.0489368697255,44.7484408889479,0,1
66.3963107103264,45.0148624678776,0,2
18.3582555269822,46.4482509089398,0,1
175.419141344279,59.8797836879914,0,2
4.66576552962646,42.5544618896259,0,2
202.449087559506,59.4156869011112,0,1
55.1083245200062,52.0022147056468,0,0
80.5075854284892,46.087305249557,0,1
22.837167197169,43.2592097227521,0,1
257.080904252156,67.6119031251884,0,0
103.510490307217,44.1190750112114,1,1
14.3414033601088,47.3219100629554,0,2
22.9314668187872,42.0247013116547,0,1
5.7107994183898,40.5376644282227,1,1
140.720864746272,50.7821270811059,0,2
158.131020299643,54.3409943794757,0,1
82.2913374619185,49.2266025804808,0,1
61.2067797705531,46.0439666830076,0,1
36.5034378040582,46.0462060693151,0,1
171.50477695266,59.1867080820185,1,2
21.4738634433597,38.0010107929343,1,0
80.6933618903748,49.9936367098092,0,1
115.182269936204,49.9195909368567,0,1
183.024643041471,60.9147253139647,0,1
675.709937212616,104.484856725539,0,1
57.9123259829357,36.2705548181601,0,1
315.737696333825,68.1961226015576,1,1
186.988724752813,58.4908585259602,0,1
90.4801252258569,52.6700797260249,1,2
122.318750174493,43.0037295234587,1,1
5.58074617830614,45.0446238522612,0,1
133.377493942419,55.5727400011496,0,0
204.117913804278,61.288919237176,0,2
37.1934139570221,44.2570270891259,0,0
98.833526430428,57.609397340936,0,2
63.0973465908319,48.7708737466431,0,2
101.32556021554,45.9544903301968,0,2
19.1246953858063,46.879145757853,1,1
106.146351725892,46.998013557352,1,1
197.01869085364,61.7291855257526,0,2
0.669471740722656,35.8446487487407,0,2
55.0919426018372,41.1067242597772,0,1
243.780964597389,61.0635535603063,0,2
65.3236491766051,48.1924274158192,0,2
8.49653709027916,45.338571556609,1,0
77.2299983778595,44.5723529740681,0,0
65.9748788022494,46.1119440540205,0,1
198.055484579658,60.2751001637795,0,2
271.477656423151,64.1218217463535,0,2
43.0283158697429,45.8531191798361,0,1
13.905562213622,33.7007193474027,0,2
139.806010731986,51.1120274924083,0,2
85.2202600443363,60.4559810973267,1,2
314.180108456909,71.9387166194663,0,0
253.439385070726,62.5544157699803,0,2
86.0947570854425,50.633370715305,1,1
16.4426207840443,44.3337650185892,1,0
2.95330594615321,37.9779930706592,1,0
168.610030121654,53.3417747474467,0,1
15.6880715889856,43.8422870611566,1,2
47.9927063815217,46.2437175630336,0,0
55.5542866413871,50.9361572988036,0,2
139.189605474025,55.0741451879818,1,1
303.960330679118,71.7671929570962,1,2
10.2377120685599,42.1456309665345,0,0
276.459224595725,72.0574063015767,1,1
240.55030353542,64.5437709469271,1,1
21.4782638126868,43.9175748863877,0,2
110.977497678027,47.4802429124484,1,1
23.6103661826853,39.7090472692665,0,2
11.0324242301285,47.566852537177,1,1
4.58051892276853,41.5369117849105,0,2
116.98575388059,49.9764650225968,0,2
101.566715432547,50.2847677610365,1,2
128.797440673932,61.0486029928564,0,0
2.39424097484527,35.6839532290994,0,2
54.9900382533669,47.2369281005013,0,1
7.61159752122787,46.9115222704653,0,0
32.0107907066122,41.877820173712,0,2
8.58375869858995,38.035694067201,0,2
133.220444110477,55.5487687267696,1,1
97.5634821688383,54.0186039773283,0,2
37.5326869945244,49.0138283361421,1,2
83.0467643325775,53.2553071614788,0,1
20.0712905902134,38.4057808387075,0,1
64.0923286061734,49.2531709434886,0,0
146.639340307116,52.4315929153541,0,1
338.377973793819,71.1985936093063,0,2
67.8464003668725,50.2008328520794,0,2
41.1969131520018,40.8120722377565,0,1
59.4536803849041,34.954899857709,0,0
54.9103809306398,46.2095266671714,0,1
43.5898214606568,35.3780870068504,1,2
29.8868442932144,43.0993355679815,1,2
12.4406933463039,45.4590564410139,0,2
42.5576884364709,51.3518186822067,0,1
424.905977114507,85.4411010341883,0,0
187.034438646883,58.9806997801402,1,1
3.80256996210665,38.3351441130839,1,1
110.64733538568,49.9768123767941,0,2
8.13560720312186,49.6644937260071,1,1
128.769578205198,51.4818558488175,0,2
74.8635168384556,50.5384984563915,1,1
44.82435121364,42.0617200897988,1,1
102.313676913977,52.3158160728744,0,2
7.30916866847206,38.0564746837461,1,1
138.926808190813,52.3408944221733,1,2
13.0902006147767,38.9355440852842,0,2
32.2241661595181,44.066360881806,1,1
115.116833094284,54.7636600496429,0,1
111.656138373315,54.7485340991199,0,0
14.5991529616753,39.0463030830587,0,1
242.050651072785,60.3172783586941,1,2
310.680667056739,72.9163139083259,0,0
177.090945496708,58.1676494155719,0,2
229.142360202297,62.4005098310992,1,1
233.950459300801,68.6305692773321,0,0
319.686607091725,73.6214812830183,0,1
18.5191214578226,44.2147893388683,1,2
102.272820766792,50.4692508178048,1,1
135.199474297017,54.1101699038967,0,1
387.456607966497,79.5911289938493,0,2
40.2112962342799,47.9416965943577,1,2
188.804487663805,62.5858075146115,0,1
5.9932374926284,46.0096908248989,1,0
46.4392696442083,45.3304519080299,0,1
139.22118463695,56.8826677689662,0,1
59.3847696967423,43.7011147483109,0,2
136.73813421607,51.6401454883848,0,2
151.475138976901,56.0654820105187,0,1
8.97202017841025,41.8291879910626,1,0
115.148384330571,58.0934531059652,1,0
188.608086646374,62.7882804574203,0,1
40.4016981092191,48.7743620325849,0,2
47.6060016257688,46.6117647927523,0,1
158.079447123011,54.2554302779646,0,2
2.03995379615365,42.4188623306017,0,2
46.0220076236874,38.8056503405293,0,1
214.784158931766,67.8166816422248,0,1
69.923359323953,49.8998823852531,0,1
190.833128425777,63.1768619280336,0,0
8.5376911945641,45.5932823332684,0,2
25.0279026916251,47.3029209420206,1,0
151.270297727025,54.6651892171973,0,1
79.1161443072392,53.5763479581585,1,1
10.3210957543924,42.3291797260749,0,2
54.9329920532182,46.9423262329516,0,1
42.0506839878123,33.740846042222,0,2
3.4825264364481,41.1254054617351,0,0
102.819959122464,48.7234379552068,0,2
29.4513955963776,44.6568140329738,1,2
9.96678462557614,41.340952881444,0,2
84.2615320587158,46.163862253989,0,2
97.1519525942951,53.2545109209733,1,1
8.90317469432496,39.1698814928305,1,1
80.7234331831529,46.1282667975652,1,0
78.4409417302906,50.9789968843928,0,1
7.90653322637081,37.174835094195,1,1
151.356961123198,53.9095708145703,0,0
93.9563055162972,46.3985511651408,1,1
3.27420693077147,40.24001636202,1,1
99.8377786015719,46.1630394406148,0,1
99.556470330581,48.3381226403711,0,1
252.812157923126,64.8133391971351,0,1
104.079647328481,49.4910092944865,1,1
108.603231752258,50.6221001103895,0,2
265.124270567183,66.7253597201155,0,2
45.9766018418595,45.8538008931254,0,2
140.366586006731,55.4385883115616,0,2
134.785236801505,57.1753316767956,0,0
206.623619294986,56.2971180217957,0,1
172.015669531673,51.2254123781484,1,1
91.7596665581315,44.7462624467689,1,0
107.131504988074,50.6961824952554,0,2
82.5697227784484,46.3227839251914,1,2
2.87240050304473,42.0261831461006,0,1
165.18342441166,62.4744620106572,0,1
114.899593610093,48.7355614701248,0,1
42.3633867879459,41.2646099738174,0,1
26.8607823997736,45.8786590707224,0,2
25.4608588265255,42.3480781355628,0,0
158.246474977136,57.1286384164357,0,1
72.4350822761566,46.0737116548874,0,1
42.1534749846905,45.9364694603338,0,2
539.43622159779,89.9789498764663,0,1
95.9111287353725,49.0858641134357,0,1
3.42411143705249,44.5233093004615,0,2
143.528801425844,53.6060296309695,1,1
1.25521416046779,45.041901460917,1,1
113.43660358876,50.9386859143214,0,1
25.9264316812588,49.5015466299017,0,1
93.3042733629792,50.821123044176,1,1
164.033690007594,57.693818110296,0,1
24.2864092810082,42.2209619608137,0,1
159.65639676854,59.1247161159211,1,0
69.0280083173513,41.6005652786901,1,1
117.543077755496,50.9885648974417,0,2
26.0727945128456,37.0404568608333,0,2
225.218872315511,66.7266954645857,0,2
254.437556325719,69.6760152137204,0,2
113.998274739608,48.5171956949524,0,2
30.6186876427382,48.3402414657947,0,1
66.3758118610699,51.1377726626716,0,1
121.071414547068,49.1304211123808,0,1
20.0897020064294,36.7957155308307,0,0
0.169996159792987,42.7625077680603,0,1
135.775765087008,56.6636427613345,0,2
160.972031574249,58.5333957950181,1,1
289.10434427768,67.829568806138,1,1
20.617559206672,37.1842716137427,0,1
131.969084787667,43.879682186125,0,2
74.1511082572489,48.5235719112106,0,0
106.30760042347,49.8224115683535,0,1
32.5481104445595,43.2130569352239,0,1
34.6319901384413,46.5417560125697,1,0
187.208372581303,53.1723009390415,0,1
77.1314406374452,51.335916341653,1,0
47.29027959425,42.0753404978064,0,2
14.8397265655091,33.6901935257018,1,1
16.4090504255146,36.9800808079495,0,2
46.8466047076508,46.8991508036135,0,1
4.61305771380178,40.6481243472183,0,2
22.8928105825674,41.9836807768274,1,1
150.241177719379,55.5069191025429,1,2
225.625921738229,65.0327047912489,0,1
97.6389857231975,46.8545733657062,1,1
29.8798818932846,47.0539027167408,1,1
308.432061030567,79.6255472272118,0,1
266.708690799672,63.1860716101982,0,0
29.3203874444589,41.0542335757244,1,2
242.517065159306,58.2145308208326,0,2
420.938222788764,80.2182926246772,0,1
91.2332867120951,48.376413184017,0,1
37.2522266265005,43.3197776255642,0,1
35.7938439315185,42.6406347044904,0,0
7.66718778032316,41.2429530952088,0,1
33.3222218090668,41.9947945131898,0,1
31.5330316186809,44.5023122679032,1,1
116.583360606581,47.2472202000881,1,1
122.747248727605,43.7473001387267,0,1
99.7416846135258,44.8323801431825,0,2
524.86378145039,89.2117115919401,0,2
103.576407985538,60.3611851002896,0,2
7.39252787322035,42.2467460752126,1,1
150.687944087684,65.0120245252175,0,0
86.1931877283624,49.4103462767616,0,2
263.375677346289,65.5970052877479,0,2
30.8298087418079,42.8246248344328,0,1
40.7856589043513,41.7343051394113,0,2
70.6406481547852,55.4692971434228,0,1
25.6743927628409,49.5153436738735,0,2
34.9154702527449,40.4409033847023,0,2
0.960175522345817,40.5453441790887,0,1
23.4567615967244,48.2723095055504,0,2
50.3212058879435,41.6187066611851,0,1
30.880119019188,35.8652898916515,1,2
81.9291824016302,49.8102235269764,0,1
47.6147135114297,40.1653540182383,0,1
66.8610741400718,46.3514217904084,0,1
80.5034666971862,48.2935963378409,1,1
8.57894606236368,39.5535702106314,1,2
74.6935636920481,44.6721253018739,1,0
55.4543911390621,47.0110161281226,0,2
24.0114457408514,37.6168306649166,0,1
8.07024000519813,46.0961251778538,1,2
0.472594365477562,43.0839785126763,0,1
54.2040356384182,43.8234626125609,0,1
22.3792242600896,40.1905906115546,0,2
130.311267070249,49.2225605302609,0,1
13.2801326643676,47.2096056591353,0,1
46.7848515994847,44.3773513409688,0,2
26.2163781002164,45.4508579541452,1,1
262.052876337468,64.7089105496216,0,2
11.7365399256298,47.8010919798389,0,1
203.598650961444,59.2994479747213,0,2
25.7976863933727,47.0363994688032,0,2
59.0566029772162,47.0720719380104,0,0
76.3524926134943,40.9065113307203,1,1
173.22599359557,58.3257800623999,0,2
64.2906903829426,49.2380405444641,1,1
114.831022068635,50.5819271109532,0,0
157.832508693933,53.392022748422,0,0
45.9107988895848,43.0306379217176,0,2
129.867915922552,54.3374974221549,1,1
56.3699788283557,46.9420582316174,0,2
104.151769405007,49.0211189492637,0,0
62.0852085584775,47.6154474593852,0,2
0.646905440837145,36.8287871210828,1,0
37.2905938904363,45.5333764046206,1,0
27.4983216486871,45.588507152125,0,0
0.989062805501138,36.7849657031863,0,0
13.3117010111169,38.8685146521466,0,1
31.353952399455,42.4848628119452,0,2
179.561669852137,63.5579824118326,0,1
50.1792822053109,45.6622692846345,1,1
207.719062451117,63.2315005859412,1,1
4.42283728532493,41.929624527264,0,2
47.8306797072291,48.7448941979551,1,2
46.6485581342131,51.2398060015876,0,0
40.5224874947614,50.2703375107014,1,0
133.856202624291,53.0180588018779,0,2
194.006739664376,52.3314091327582,1,1
52.6117520350963,47.9709070808034,0,0
10.8967889230698,40.408617939261,1,1
72.5610199827536,45.338231765658,0,1
25.3841552436898,39.0707250145829,1,1
217.038889496848,61.4915187405019,0,0
33.187771992177,43.1121726884059,1,2
117.254244174585,50.9226607983657,0,1
3.91304498724639,44.2656166265231,0,2
29.644250835292,46.3583689935192,1,1
284.593634291589,69.7794380706972,0,1
178.6180735524,64.7534102405755,0,1
29.9902842984744,40.7816423466153,1,1
33.3979194249898,40.7660115283732,1,2
146.211228087097,55.7536704443631,0,0
252.200416504666,60.190366073868,1,1
69.3510894121229,41.1046396962448,1,2
64.5470367474481,50.3147543945755,0,0
14.5290701212361,34.3320089497119,0,2
8.69686893644093,46.6842297650415,1,2
47.4404218709096,42.2816778034079,0,1
39.5337765002623,48.2439982273619,1,2
24.3142841151807,41.5007564168147,0,1
52.0737636368722,41.5230327182208,1,2
140.269329119477,54.8448906810374,0,1
6.92368393484503,35.6381476194539,0,0
64.4809712059796,49.0840545960849,0,2
107.749848130867,54.5000164289554,1,1
25.6815530722961,44.7561362019493,0,2
16.7083096597344,37.6184102108418,0,2
43.1273479191586,43.5115679482334,0,2
39.5440746014938,39.6344976166532,0,2
156.818728461414,54.8775646364163,1,1
162.507492653382,49.5857923725532,0,0
64.6536525562406,44.4815352122751,0,1
11.922535871054,49.3671092178149,0,1
71.8841417759625,50.1925683946308,0,1
14.585487534292,43.348922540193,1,1
5.56185921281576,43.321126109756,0,2
8.77197133976659,45.9572002476645,0,2
23.0668800696731,41.5226127078152,0,1
45.4219165090472,44.3072592397186,0,2
93.7032347244769,44.2029836677775,1,0
9.63018545974046,32.8866938938614,1,1
18.8481837706415,45.3478493813716,0,1
92.0295240195895,48.4198485677206,0,0
88.473069917187,53.5401945620574,0,2
183.92009578973,59.3908229857716,0,2
14.7404494760558,38.9500420134068,0,1
227.981988824719,62.5349431153307,1,1
175.589318401664,62.5820564364178,1,2
31.1997376922518,47.6730408162698,0,1
93.3683221627702,52.0141832391692,0,1
90.4018079132875,45.7941001250041,1,1
351.686936466768,78.9313180553882,0,2
322.467457382977,69.955508971277,1,1
131.379974007159,49.4298750489803,0,1
6.3161911735086,42.5980794617804,1,1
12.1725822202861,36.1007589552102,1,0
1.06831811711737,36.4333192774781,1,0
163.070323478584,55.2997261801233,1,1
125.2605671601,55.8687365689821,0,2
309.11104778856,69.1755269015328,0,1
18.5626358445734,44.3667617460119,0,1
311.743687643707,63.5040383170443,0,1
30.273109276779,39.8755297742704,0,2
127.8019042404,58.4576601422714,0,2
17.7108717738089,44.4836038928548,1,1
63.1038440866396,40.3424711657782,0,2
390.042190997675,79.4594349212724,0,1
157.611240326787,49.7445443651515,1,0
108.206152277032,46.9348753956862,1,1
226.581341057345,60.981687686194,1,0
207.677862688228,58.6199966083099,0,1
70.9378273596614,47.7751218328725,1,1
12.1431417213753,43.2351504437106,0,2
170.200269054174,49.1004862541358,1,2
69.4722091702371,42.728027352184,1,1
89.5057198030501,46.2684280796097,0,0
369.169309257343,73.0916886226776,0,2
67.8748248701542,36.9054557806199,1,2
5.08035471756011,43.8294681009458,1,1
2.15624400880188,43.7200544334213,0,0
186.458394206613,67.6549121544719,1,1
54.9572235774249,48.7995095963944,0,0
32.3872619755566,35.6356295579328,0,0
185.608224006139,61.6102004392275,0,1
144.609581078887,52.3202896893445,0,1
67.3557063003629,52.4778279457594,0,0
104.902662880495,51.8834072599845,0,1
53.2341253682971,45.4945068304922,1,2
399.804456700463,80.3049265433922,1,1
6.14761288743466,45.2183861095299,1,2
3.65849167370012,41.3161468719879,0,2
32.3764356318861,50.1677894588385,0,2
7.2352699348703,40.8415640857476,0,1
120.877356571382,54.0693131165004,0,1
21.8970337864012,42.3601794701041,0,0
2.52644740315655,44.8365973549629,0,0
94.6701072166975,48.7258345442203,0,1
181.129044803529,56.7686389320625,1,2
18.7437760368925,38.825255799114,0,1
30.87570029605,49.0412739816421,1,0
57.0803832737729,44.5169005997861,0,1
260.483654699549,62.7695979910614,0,2
42.2907872907817,44.6731978511221,0,1
190.349247496128,56.5013913177753,1,1
88.6785482317888,48.2140601425447,1,2
9.50294542737405,41.3907155619626,0,1
7.00582215061156,37.6711839830683,1,2
50.6599563658237,41.3433040868728,0,2
14.8542653929772,38.5564417580513,1,2
1.54963517561555,43.1987478101118,0,1
40.5685531003401,36.99864143638,1,2
41.0933631015942,45.074370411274,0,2
112.590446132943,50.2336444777903,1,2
85.898411104232,51.3947278246483,0,1
293.267455681264,71.9550143359776,0,1
26.1354405730963,40.6439312716438,0,1
30.5646194815636,46.114167866295,1,0
26.7740043962819,45.0959907936249,1,1
14.6557327019571,46.2962160630241,1,1
6.9776046654378,40.7242534261188,0,0
147.734639711231,51.8838647740777,1,0
486.1757410153,88.4587808864318,1,1
24.3655878462032,44.3444608505652,0,1
157.251176246696,55.0983614336912,0,0
77.0102000606805,52.0259024807608,1,1
70.6957779021561,49.5656474944346,1,1
96.2280225136876,50.4566616125981,0,1
107.981447335109,54.3356783838295,0,1
104.932771036178,49.0012697397464,0,2
59.1354837818071,41.2522082058559,1,1
2.5134423966823,37.5044005510559,0,1
109.741034917084,46.4057089361364,0,0
24.2981613289598,43.6156460475991,1,2
15.7592734433711,53.6660315242864,0,2
58.2821500552818,48.5973607961806,1,1
121.30536374692,48.7823191442437,0,0
15.5265488117077,47.0090677939308,0,2
7.04461061395705,35.3782802608575,1,1
103.00087217778,49.6533159152096,1,1
35.7753604799509,40.6855347166748,1,0
6.72826005797833,43.5683240768413,0,2
76.815389135639,56.1598469069303,0,2
26.6408261964098,45.6427058255041,1,1
228.994458272382,60.9350347661044,0,2
8.81891292799264,36.6809398331162,0,1
22.8775184620172,41.4031202799395,0,2
30.5695827193558,48.0807000355165,0,0
88.305084930458,45.0655513719948,1,2
53.0089065693319,44.8949658929626,1,1
113.041427556202,50.3525961662055,0,1
50.4147682255134,41.8170878034008,0,2
146.602671667486,52.4463250792652,0,0
60.6217710543424,45.8162899247946,1,0
113.764950677947,53.6894377763714,0,2
204.022995448932,50.5268930980821,1,1
105.934463411346,56.1386468717519,0,1
195.776352799459,64.9219857449316,1,0
142.208180620819,54.1874888169885,0,1
334.499651073292,74.6941192766422,0,1
115.917868805826,48.481293603415,1,2
314.224748357236,73.1269002904024,0,2
54.5059659518301,47.9753746948712,1,2
151.142451270968,53.5329566145038,1,1
11.8418595129624,36.430357714345,1,1
217.74715527825,63.8415500178271,0,2
6.50341196544468,44.1924150371081,1,0
72.3288285469263,42.2328183297927,1,2
105.195530938452,50.0155524423561,0,1
63.6022520335391,48.2701414103157,0,0
120.555942736343,53.5008370242762,1,2
4.6538510990513,31.3674008751036,0,1
296.983662425577,65.98618281575,0,1
34.754898076877,48.4386221391617,0,2
32.1769388429821,44.4447568705952,0,1
116.231124363616,50.8832050149463,0,1
60.3067128714174,46.0156748703898,0,0
434.008210544308,82.8807177840525,0,1
17.922347394538,41.9374273297321,0,2
7.4864999903366,40.0436208089818,1,2
187.905511304289,54.3207933813835,0,2
4.31804822012782,42.432581556448,0,1
4.14682697784156,36.980002246685,0,1
21.5001221916478,39.8093632176209,1,0
85.2921036432184,52.4447912869553,0,2
306.398348300755,74.7935396860899,1,1
131.705014518946,59.1782010243274,0,0
7.50869633231829,38.6039109596176,0,0
2.94547204859555,40.5693932711626,0,1
28.7839707732201,43.2649035118239,0,0
21.538599697887,46.1820177733029,1,1
41.6619882043451,46.2903618949564,1,2
63.8834979292005,50.4921274752917,0,2
126.579688330889,50.5706509020328,0,2
52.2127863401547,43.2372700060311,0,2
50.2437462778762,41.9371200426904,0,1
140.294306249082,53.5217850264744,0,0
66.7554573073557,49.6159537504731,0,0
311.230158953965,71.8665197581887,1,1
59.8020420474932,49.6560287470598,0,2
63.5819950215518,53.4368141268796,0,1
24.1303266910836,38.1858769819971,1,2
12.4579691374674,35.1114005363079,0,0
107.890586679134,51.8761726194946,0,1
96.6047336103022,44.6286456020594,0,2
18.7336407648399,45.8837111930847,1,1
64.6103257769719,48.2479430006238,0,2
314.395244075954,74.5087215264075,1,1
31.9440007358789,42.5411559101576,0,1
39.3700385466218,44.0946013859353,0,0
62.232684103772,47.1877747344195,0,1
71.589728744811,44.0223110336671,0,2
174.926448728442,54.9135885319966,0,2
21.1997076176652,47.7016112409623,0,2
6.92749600857496,39.1927306455099,0,1
104.250167263013,52.3495240266243,1,2
15.7922130012885,46.8925499749155,0,0
51.4264396466315,47.7508959327554,0,2
53.6277374653146,43.7491392965455,0,1
162.664050410986,53.0170289436726,0,1
17.2908939517604,41.3075822852893,0,1
3.15215915907174,37.3672271804647,1,1
153.90227113992,64.682230496586,1,2
105.074604306146,47.1818468251903,0,0
84.5412653198093,49.0929590922182,1,1
113.069814502969,57.5226377320706,1,1
34.5824934104457,38.080263259175,0,2
37.9387618061155,42.0351680013103,0,2
18.7033008793369,42.0323489432796,1,0
83.2510367517918,48.0424676905351,0,2
63.7658943450078,58.5272773015812,0,1
35.9653797205538,43.0512963012966,0,2
220.226989864556,65.7055867551795,0,1
290.756624995768,65.0093345697427,1,1
135.488428196139,57.0380369848576,1,2
13.6899502611436,38.203489947633,0,1
128.476458191648,47.7660294234089,0,2
100.855442562848,57.6914958264653,0,2
11.8020520300203,44.8059451157638,0,1
55.7893208344769,49.47592339171,1,0
462.658400235995,89.9767728213006,1,2
177.756864513755,54.848762331126,1,1
14.6619008583948,42.6735530590284,0,2
82.748248437196,49.5930518354296,0,2
539.570308683514,95.8769646719147,0,1
53.7670335695148,50.3816492279415,0,2
17.1076243929879,35.8756020221644,0,1
73.7973852490633,50.5248522970642,0,1
101.370229614675,46.4579265535174,0,1
55.5864159640115,45.2843204814107,0,1
469.865284143313,88.897963699322,0,1
321.493277474344,67.5524894422537,0,1
116.067168731019,47.2777465282831,1,1
34.5220099575818,37.4883837063138,0,1
57.7514909114689,45.0211854824424,0,2
3.62994933225763,44.0490857946104,0,1
50.257129878737,48.0085899371243,1,1
52.4954634103924,45.5233495959307,0,1
136.417986381352,57.6245480529608,0,2
59.8290852764621,46.3650073672892,1,1
110.545998607665,57.8070400058839,0,1
26.2453037922947,44.2325004914541,1,2
3.3701989534627,41.0523283629753,0,0
0.0781428146697862,48.4623721758645,1,1
31.7391034252942,43.7880945602167,1,2
166.168334237784,59.1234842547109,0,1
136.115231797928,50.3863828618919,0,0
67.3415254333615,51.133921072016,0,2
44.7159946830943,40.9724779385897,0,2
18.017776530236,45.4736084521576,0,1
33.4666702030227,42.4399541968342,0,0
0.601216015405953,42.9417703534158,0,2
43.5822754027322,48.4162453082054,0,0
